id,ts,temp
1,"2026-01-26 09:10:34",0.0
2,"2026-01-26 09:10:44",67.13
3,"2026-01-26 09:10:54",95.66
4,"2026-01-26 09:11:04",52.14
5,"2026-01-26 09:11:14",110.81
6,"2026-01-26 09:11:25",0.0
7,"2026-01-26 09:11:35",0.08
8,"2026-01-26 09:11:45",110.81
9,"2026-01-26 09:11:55",58.99
10,"2026-01-26 09:12:05",7.25
11,"2026-01-26 09:12:15",0.0
12,"2026-01-26 09:12:25",0.0
13,"2026-01-26 09:12:35",33.52
14,"2026-01-26 09:12:45",0.0
15,"2026-01-26 09:12:55",0.0
16,"2026-01-26 09:13:05",0.0
17,"2026-01-26 09:13:15",107.18
18,"2026-01-26 09:13:25",4.27
19,"2026-01-26 09:13:36",0.0
20,"2026-01-26 09:13:46",13.46
21,"2026-01-26 09:13:56",1.29
22,"2026-01-26 09:14:06",33.44
23,"2026-01-26 09:14:16",27.64
24,"2026-01-26 09:14:26",0.0
25,"2026-01-26 09:14:36",139.66
26,"2026-01-26 09:14:46",0.0
27,"2026-01-26 09:14:56",29.58
28,"2026-01-26 09:15:06",122.89
29,"2026-01-26 09:15:16",121.12
30,"2026-01-26 09:15:27",24.58
31,"2026-01-26 09:15:38",127.16
32,"2026-01-26 09:15:47",127.65
33,"2026-01-26 09:15:57",87.68
34,"2026-01-26 09:16:07",19.74
35,"2026-01-26 09:16:17",0.0
36,"2026-01-26 09:16:27",0.0
37,"2026-01-26 09:16:37",0.0
38,"2026-01-26 09:16:47",50.04
39,"2026-01-26 09:16:57",88.4
40,"2026-01-26 09:17:07",87.52
41,"2026-01-26 09:17:18",106.62
42,"2026-01-26 09:17:28",8.78
43,"2026-01-26 09:17:38",38.76
44,"2026-01-26 09:17:48",9.43
45,"2026-01-26 09:17:58",118.22
46,"2026-01-26 09:18:08",0.0
47,"2026-01-26 09:18:18",70.11
48,"2026-01-26 09:18:28",54.88
49,"2026-01-26 09:18:38",0.0
50,"2026-01-26 09:18:48",60.28
51,"2026-01-26 09:18:58",0.0
52,"2026-01-26 09:19:08",59.23
53,"2026-01-26 09:19:19",34.01
54,"2026-01-26 09:19:39",122.89
55,"2026-01-26 09:19:49",0.0
56,"2026-01-26 09:19:59",94.85
57,"2026-01-26 09:20:09",0.0
58,"2026-01-26 09:20:19",50.29
59,"2026-01-26 09:20:29",123.7
60,"2026-01-26 09:20:39",0.0
61,"2026-01-26 09:20:49",0.0
62,"2026-01-26 09:20:59",35.05
63,"2026-01-26 09:21:10",82.2
64,"2026-01-26 09:21:20",130.71
65,"2026-01-26 09:21:30",0.0
66,"2026-01-26 09:21:40",121.77
67,"2026-01-26 09:21:50",139.25
68,"2026-01-26 09:22:00",19.58
69,"2026-01-26 09:22:10",0.0
70,"2026-01-26 09:22:20",2.66
71,"2026-01-26 09:22:30",23.13
72,"2026-01-26 09:22:40",72.93
73,"2026-01-26 09:22:50",0.0
74,"2026-01-26 09:23:00",128.13
75,"2026-01-26 09:23:10",132.73
76,"2026-01-26 09:23:21",10.88
77,"2026-01-26 09:23:31",12.81
78,"2026-01-26 09:23:41",0.0
79,"2026-01-26 09:23:51",0.0
80,"2026-01-26 09:24:01",0.0
81,"2026-01-26 09:24:11",30.22
82,"2026-01-26 09:24:21",21.44
83,"2026-01-26 09:24:31",0.0
84,"2026-01-26 09:24:41",0.0
85,"2026-01-26 09:24:51",129.02
86,"2026-01-26 09:25:02",121.77
87,"2026-01-26 09:25:13",0.0
88,"2026-01-26 09:25:23",126.84
89,"2026-01-26 09:25:33",22.24
90,"2026-01-26 09:25:43",125.79
91,"2026-01-26 09:25:53",123.62
92,"2026-01-26 09:26:03",0.0
93,"2026-01-26 09:26:13",121.6
94,"2026-01-26 09:26:23",89.05
95,"2026-01-26 09:26:33",104.36
96,"2026-01-26 09:26:43",3.79
97,"2026-01-26 09:26:54",0.0
98,"2026-01-26 09:27:04",0.0
99,"2026-01-26 09:27:14",53.43
100,"2026-01-26 09:27:24",128.62
101,"2026-01-26 09:27:34",98.48
102,"2026-01-26 09:27:44",102.75
103,"2026-01-26 09:27:54",17.33
104,"2026-01-26 09:28:04",0.0
105,"2026-01-26 09:28:15",0.0
106,"2026-01-26 09:28:24",96.7
107,"2026-01-26 09:28:35",0.0
108,"2026-01-26 09:28:45",0.0
109,"2026-01-26 09:28:55",105.49
110,"2026-01-26 09:29:05",0.0
111,"2026-01-26 09:29:15",6.61
112,"2026-01-26 09:29:25",0.0
113,"2026-01-26 09:29:35",38.44
114,"2026-01-26 09:29:45",83.73
115,"2026-01-26 09:29:55",0.0
116,"2026-01-26 09:30:05",66.97
117,"2026-01-26 09:30:15",0.0
118,"2026-01-26 09:30:26",0.0
119,"2026-01-26 09:30:36",84.05
120,"2026-01-26 09:30:46",0.0
121,"2026-01-26 09:30:56",5.88
122,"2026-01-26 09:31:06",54.23
123,"2026-01-26 09:31:16",111.05
124,"2026-01-26 09:31:26",74.62
125,"2026-01-26 09:31:37",26.59
126,"2026-01-26 09:31:47",80.1
127,"2026-01-26 09:31:57",92.03
128,"2026-01-26 09:32:07",103.71
129,"2026-01-26 09:32:17",2.82
130,"2026-01-26 09:32:27",123.7
131,"2026-01-26 09:32:37",0.0
132,"2026-01-26 09:32:47",0.0
133,"2026-01-26 09:32:57",80.83
134,"2026-01-26 09:33:08",104.44
135,"2026-01-26 09:33:18",33.68
136,"2026-01-26 09:33:28",94.93
137,"2026-01-26 09:33:38",93.48
138,"2026-01-26 09:33:48",85.02
139,"2026-01-26 09:33:58",120.32
140,"2026-01-26 09:34:08",67.13
141,"2026-01-26 09:34:18",0.0
142,"2026-01-26 09:34:28",0.0
143,"2026-01-26 09:34:38",0.0
144,"2026-01-26 09:34:49",143.2
145,"2026-01-26 09:34:59",50.21
146,"2026-01-26 09:35:09",10.32
147,"2026-01-26 09:35:19",52.38
148,"2026-01-26 09:35:29",29.9
149,"2026-01-26 09:35:39",39.97
150,"2026-01-26 09:35:49",0.0
151,"2026-01-26 09:35:59",56.89
152,"2026-01-26 09:36:09",0.0
153,"2026-01-26 09:36:19",103.63
154,"2026-01-26 09:36:29",0.0
155,"2026-01-26 09:36:39",25.79
156,"2026-01-26 09:36:50",0.0
157,"2026-01-26 09:37:00",93.72
158,"2026-01-26 09:37:10",74.95
159,"2026-01-26 09:37:20",0.0
160,"2026-01-26 09:37:30",0.0
161,"2026-01-26 09:37:40",73.49
162,"2026-01-26 09:37:50",10.32
163,"2026-01-26 09:38:00",25.3
164,"2026-01-26 09:38:10",89.53
165,"2026-01-26 09:38:20",0.0
166,"2026-01-26 09:38:30",95.25
167,"2026-01-26 09:38:41",101.86
168,"2026-01-26 09:38:51",79.54
169,"2026-01-26 09:39:01",0.0
170,"2026-01-26 09:39:11",33.12
171,"2026-01-26 09:39:21",0.0
172,"2026-01-26 09:39:31",78.57
173,"2026-01-26 09:39:41",64.55
174,"2026-01-26 09:39:51",100.65
175,"2026-01-26 09:40:01",20.07
176,"2026-01-26 09:40:11",11.6
177,"2026-01-26 09:40:22",0.0
178,"2026-01-26 09:40:32",71.0
179,"2026-01-26 09:40:42",1.37
180,"2026-01-26 09:40:52",0.0
181,"2026-01-26 09:41:02",0.0
182,"2026-01-26 09:41:12",29.66
183,"2026-01-26 09:41:22",89.45
184,"2026-01-26 09:41:32",85.02
185,"2026-01-26 09:41:42",0.0
186,"2026-01-26 09:41:53",120.64
187,"2026-01-26 09:42:03",0.0
188,"2026-01-26 09:46:31",0.0
189,"2026-01-26 09:46:44",0.0
190,"2026-01-26 09:46:56",0.0
191,"2026-01-26 09:47:08",0.0
192,"2026-01-26 09:47:20",0.0
193,"2026-01-26 09:47:32",0.0
194,"2026-01-26 09:47:44",0.0
195,"2026-01-26 09:47:56",0.0
196,"2026-01-26 09:48:09",0.0
197,"2026-01-26 09:48:21",0.0
198,"2026-01-26 09:48:33",0.0
199,"2026-01-26 09:48:45",0.0
200,"2026-01-26 09:48:57",0.0
201,"2026-01-26 09:49:09",0.0
202,"2026-01-26 09:49:21",0.0
203,"2026-01-26 09:49:33",0.0
204,"2026-01-26 09:49:46",0.0
205,"2026-01-26 09:50:10",0.0
206,"2026-01-26 09:50:22",0.0
207,"2026-01-26 09:50:34",0.0
208,"2026-01-26 09:50:47",0.0
209,"2026-01-26 09:50:59",0.0
210,"2026-01-26 09:51:11",0.0
211,"2026-01-26 09:51:23",0.0
212,"2026-01-26 09:51:35",0.0
213,"2026-01-26 09:51:47",0.0
214,"2026-01-26 09:52:00",0.0
215,"2026-01-26 09:52:12",0.0
216,"2026-01-26 09:52:24",0.0
217,"2026-01-26 09:52:36",0.0
218,"2026-01-26 09:52:48",0.0
219,"2026-01-26 09:53:00",0.0
220,"2026-01-26 09:53:12",0.0
221,"2026-01-26 09:53:24",0.0
222,"2026-01-26 09:53:37",0.0
223,"2026-01-26 09:53:49",0.0
224,"2026-01-26 09:54:01",0.0
225,"2026-01-26 09:54:13",0.0
226,"2026-01-26 09:54:25",0.0
227,"2026-01-26 09:54:37",0.0
228,"2026-01-26 09:54:49",0.0
229,"2026-01-26 09:55:02",0.0
230,"2026-01-26 09:55:14",0.0
231,"2026-01-26 09:55:26",0.0
232,"2026-01-26 09:55:38",0.0
233,"2026-01-26 09:55:50",0.0
234,"2026-01-26 09:56:03",0.0
235,"2026-01-26 09:56:15",0.0
236,"2026-01-26 09:56:27",0.0
237,"2026-01-26 09:56:39",0.0
238,"2026-01-26 09:56:51",0.0
239,"2026-01-26 09:57:03",0.0
240,"2026-01-26 09:57:15",0.0
241,"2026-01-26 09:57:27",0.0
242,"2026-01-26 09:57:40",0.0
243,"2026-01-26 09:57:52",0.0
244,"2026-01-26 09:58:04",0.0
245,"2026-01-26 09:58:16",0.0
246,"2026-01-26 09:58:43",0.0
247,"2026-01-26 09:58:54",0.0
248,"2026-01-26 09:59:05",0.0
249,"2026-01-26 09:59:16",0.0
250,"2026-01-26 09:59:27",0.0
251,"2026-01-26 09:59:39",0.0
252,"2026-01-26 09:59:50",0.0
253,"2026-01-26 10:00:01",0.0
254,"2026-01-26 10:00:12",0.0
255,"2026-01-26 10:00:23",0.0
256,"2026-01-26 10:00:34",0.0
257,"2026-01-26 10:00:58",0.0
258,"2026-01-26 10:01:10",0.0
259,"2026-01-26 10:01:22",0.0
260,"2026-01-26 10:01:34",0.0
261,"2026-01-26 10:01:46",0.0
262,"2026-01-26 10:01:58",0.0
263,"2026-01-26 10:02:10",0.0
264,"2026-01-26 10:02:22",0.0
265,"2026-01-26 10:02:34",0.0
266,"2026-01-26 10:02:47",0.0
267,"2026-01-26 10:02:59",0.0
268,"2026-01-26 10:03:11",0.0
269,"2026-01-26 10:03:23",0.0
270,"2026-01-26 10:03:35",0.0
271,"2026-01-26 10:03:47",0.0
272,"2026-01-26 10:03:59",0.0
273,"2026-01-26 10:04:12",0.0
274,"2026-01-26 10:04:24",0.0
275,"2026-01-26 10:04:36",0.0
276,"2026-01-26 10:04:48",0.0
277,"2026-01-26 10:05:00",0.0
278,"2026-01-26 10:05:12",0.0
279,"2026-01-26 10:05:24",0.0
280,"2026-01-26 10:05:36",0.0
281,"2026-01-26 10:05:49",0.0
282,"2026-01-26 10:06:01",0.0
283,"2026-01-26 10:06:13",0.0
284,"2026-01-26 10:06:25",0.0
285,"2026-01-26 10:06:37",0.0
286,"2026-01-26 10:06:49",0.0
287,"2026-01-26 10:07:02",0.0
288,"2026-01-26 10:07:14",0.0
289,"2026-01-26 10:07:26",0.0
290,"2026-01-26 10:07:38",0.0
291,"2026-01-26 10:07:50",0.0
292,"2026-01-26 10:08:02",0.0
293,"2026-01-26 10:08:14",0.0
294,"2026-01-26 10:08:27",0.0
295,"2026-01-26 10:08:39",0.0
296,"2026-01-26 10:08:51",0.0
297,"2026-01-26 10:09:03",0.0
298,"2026-01-26 10:09:15",0.0
299,"2026-01-26 10:09:27",0.0
300,"2026-01-26 10:09:39",0.0
301,"2026-01-26 10:09:52",0.0
302,"2026-01-26 10:10:04",0.0
303,"2026-01-26 10:10:16",0.0
304,"2026-01-26 10:10:28",0.0
305,"2026-01-26 10:10:40",0.0
306,"2026-01-26 10:10:52",0.0
307,"2026-01-26 10:11:04",0.0
308,"2026-01-26 10:11:16",0.0
309,"2026-01-26 10:11:29",0.0
310,"2026-01-26 10:11:41",0.0
311,"2026-01-26 10:11:53",0.0
312,"2026-01-26 10:12:05",0.0
313,"2026-01-26 10:12:17",0.0
314,"2026-01-26 10:12:29",0.0
315,"2026-01-26 10:12:48",0.0
316,"2026-01-26 10:12:58",0.0
317,"2026-01-26 10:13:08",0.0
318,"2026-01-26 10:13:18",0.0
319,"2026-01-26 10:13:28",0.0
320,"2026-01-26 10:13:38",0.0
321,"2026-01-26 10:13:49",0.0
322,"2026-01-26 10:13:59",0.0
323,"2026-01-26 10:14:09",0.0
324,"2026-01-26 10:14:19",0.0
325,"2026-01-26 10:14:29",0.0
326,"2026-01-26 10:14:39",0.0
327,"2026-01-26 10:14:49",0.0
328,"2026-01-26 10:14:59",0.0
329,"2026-01-26 10:15:09",0.0
330,"2026-01-26 10:15:19",0.0
331,"2026-01-26 10:15:29",0.0
332,"2026-01-26 10:15:39",0.0
333,"2026-01-26 10:15:50",0.0
334,"2026-01-26 10:16:00",0.0
335,"2026-01-26 10:16:10",0.0
336,"2026-01-26 10:16:20",0.0
337,"2026-01-26 10:16:30",0.0
338,"2026-01-26 10:16:40",0.0
339,"2026-01-26 10:16:50",0.0
340,"2026-01-26 10:17:00",0.0
341,"2026-01-26 10:17:17",0.0
342,"2026-01-26 10:17:27",0.0
343,"2026-01-26 10:17:37",0.0
344,"2026-01-26 10:17:47",0.0
345,"2026-01-26 10:17:57",0.0
346,"2026-01-26 10:18:07",0.0
347,"2026-01-26 10:18:17",0.0
348,"2026-01-26 10:18:27",0.0
349,"2026-01-26 10:18:37",0.0
350,"2026-01-26 10:18:48",0.0
351,"2026-01-26 10:18:58",0.0
352,"2026-01-26 10:19:08",0.0
353,"2026-01-26 10:19:18",0.0
354,"2026-01-26 10:19:28",0.0
355,"2026-01-26 10:19:38",0.0
356,"2026-01-26 10:19:48",0.0
357,"2026-01-26 10:19:58",0.0
358,"2026-01-26 10:20:08",0.0
359,"2026-01-26 10:20:18",0.0
360,"2026-01-26 10:20:28",0.0
361,"2026-01-26 10:20:39",0.0
362,"2026-01-26 10:20:49",0.0
363,"2026-01-26 10:20:59",0.0
364,"2026-01-26 10:21:09",0.0
365,"2026-01-26 10:21:30",0.0
366,"2026-01-26 10:21:43",0.0
367,"2026-01-26 10:21:56",0.0
368,"2026-01-26 10:22:09",0.0
369,"2026-01-26 10:22:34",0.0
370,"2026-01-26 10:22:46",0.0
371,"2026-01-26 10:22:58",0.0
372,"2026-01-26 10:23:10",0.0
373,"2026-01-26 10:23:22",0.0
374,"2026-01-26 10:23:35",0.0
375,"2026-01-26 10:23:47",0.0
376,"2026-01-26 10:23:59",0.0
377,"2026-01-26 10:24:11",0.0
378,"2026-01-26 10:24:36",0.0
379,"2026-01-26 10:24:47",0.0
380,"2026-01-26 10:24:59",0.0
381,"2026-01-26 10:25:11",0.0
382,"2026-01-26 10:25:22",0.0
383,"2026-01-26 10:25:34",0.0
384,"2026-01-26 10:25:45",0.0
385,"2026-01-26 10:25:57",0.0
386,"2026-01-26 10:26:09",0.0
387,"2026-01-26 10:26:20",0.0
388,"2026-01-26 10:26:32",0.0
389,"2026-01-26 10:26:44",0.0
390,"2026-01-26 10:26:55",0.0
391,"2026-01-26 10:27:07",0.0
392,"2026-01-26 10:27:19",0.0
393,"2026-01-26 10:27:30",0.0
394,"2026-01-26 10:27:42",0.0
395,"2026-01-26 10:27:53",0.0
396,"2026-01-26 10:28:05",0.0
397,"2026-01-26 10:28:16",0.0
398,"2026-01-26 10:28:28",0.0
399,"2026-01-26 10:28:40",0.0
400,"2026-01-26 10:28:52",0.0
401,"2026-01-26 10:29:03",0.0
402,"2026-01-26 10:29:15",0.0
403,"2026-01-26 10:29:26",0.0
404,"2026-01-26 10:29:38",0.0
405,"2026-01-26 10:29:50",0.0
406,"2026-01-26 10:30:01",0.0
407,"2026-01-26 10:30:13",0.0
408,"2026-01-26 10:30:24",0.0
409,"2026-01-26 10:30:36",0.0
410,"2026-01-26 10:30:47",0.0
411,"2026-01-26 10:30:59",0.0
412,"2026-01-26 10:31:11",0.0
413,"2026-01-26 10:31:22",0.0
414,"2026-01-26 10:31:34",0.0
415,"2026-01-26 10:31:46",0.0
416,"2026-01-26 12:19:28",0.0
417,"2026-01-26 12:19:40",0.0
418,"2026-01-26 12:19:52",0.0
419,"2026-01-26 12:23:36",0.0
420,"2026-01-26 12:23:47",0.0
421,"2026-01-26 12:23:59",0.0
422,"2026-01-26 12:28:07",0.0
423,"2026-01-26 12:28:19",0.0
424,"2026-01-26 12:28:31",0.0
425,"2026-01-26 12:28:42",0.0
426,"2026-01-26 12:28:54",0.0
427,"2026-01-26 12:29:05",0.0
428,"2026-01-26 12:29:17",0.0
429,"2026-01-26 12:29:29",0.0
430,"2026-01-26 12:29:40",0.0
431,"2026-01-26 12:29:52",0.0
432,"2026-01-26 12:30:04",0.0
433,"2026-01-26 12:30:15",0.0
434,"2026-01-26 12:30:27",0.0
435,"2026-01-26 12:30:38",0.0
436,"2026-01-26 12:31:03",0.0
437,"2026-01-26 12:31:15",0.0
438,"2026-01-26 12:31:26",0.0
439,"2026-01-26 12:31:38",0.0
440,"2026-01-26 12:31:49",0.0
441,"2026-01-26 12:32:01",0.0
442,"2026-01-26 12:32:13",0.0
443,"2026-01-26 13:00:06",0.0
444,"2026-01-26 13:00:18",0.0
445,"2026-01-26 13:00:29",0.0
446,"2026-01-26 13:00:41",0.0
447,"2026-01-26 13:00:52",0.0
448,"2026-01-26 13:29:45",0.0
449,"2026-01-26 13:29:57",0.0
450,"2026-01-26 13:30:09",0.0
451,"2026-01-26 13:30:20",0.0
452,"2026-01-26 13:30:32",0.0
453,"2026-01-26 13:30:44",0.0
454,"2026-01-26 13:31:05",9.99
455,"2026-01-26 13:31:17",10.8
456,"2026-01-26 13:31:29",11.04
457,"2026-01-26 13:31:41",10.4
458,"2026-01-26 13:32:04",10.4
459,"2026-01-26 13:32:16",10.15
460,"2026-01-26 13:32:28",10.4
461,"2026-01-26 13:32:46",39.68
462,"2026-01-26 13:32:58",41.94
463,"2026-01-26 13:33:09",41.29
464,"2026-01-26 13:33:21",41.29
465,"2026-01-26 13:33:33",41.61
466,"2026-01-26 13:33:45",41.61
467,"2026-01-26 13:33:57",40.97
468,"2026-01-26 13:34:08",41.61
469,"2026-01-26 13:34:20",39.68
470,"2026-01-26 13:34:32",40.97
471,"2026-01-26 13:34:44",42.58
472,"2026-01-26 13:34:55",41.61
473,"2026-01-26 13:35:07",41.29
474,"2026-01-26 13:35:19",41.29
475,"2026-01-26 13:35:30",40.32
476,"2026-01-26 13:35:43",41.29
477,"2026-01-26 13:35:55",41.29
478,"2026-01-26 13:36:07",40.32
479,"2026-01-26 13:36:19",40.32
480,"2026-01-26 13:36:31",41.61
481,"2026-01-26 13:36:43",41.29
482,"2026-01-26 13:36:54",40.65
483,"2026-01-26 13:37:06",42.9
484,"2026-01-26 13:37:18",41.29
485,"2026-01-26 13:37:29",41.29
486,"2026-01-26 13:37:41",41.29
487,"2026-01-26 13:37:53",42.58
488,"2026-01-26 13:38:12",10.32
489,"2026-01-26 13:38:24",10.56
490,"2026-01-26 13:38:36",10.48
491,"2026-01-26 13:38:47",10.8
492,"2026-01-26 13:38:59",10.48
493,"2026-01-26 13:39:11",10.56
494,"2026-01-26 13:39:23",10.64
495,"2026-01-26 13:39:35",11.04
496,"2026-01-26 13:39:46",11.6
497,"2026-01-26 13:39:59",10.72
498,"2026-01-26 13:40:10",10.64
499,"2026-01-26 13:40:21",10.72
500,"2026-01-26 14:13:06",9.03
501,"2026-01-26 14:13:18",12.09
502,"2026-01-26 14:13:30",13.05
503,"2026-01-26 14:13:41",11.52
504,"2026-01-26 14:13:53",10.4
505,"2026-01-26 14:14:05",10.23
506,"2026-01-26 14:14:14",10.07
507,"2026-01-26 14:14:26",9.51
508,"2026-01-26 14:14:37",9.59
509,"2026-01-26 14:14:49",9.19
510,"2026-01-26 14:15:11",9.59
511,"2026-01-26 14:15:23",9.51
512,"2026-01-26 14:15:35",9.03
513,"2026-01-26 14:15:47",9.27
514,"2026-01-26 14:15:58",9.03
515,"2026-01-26 14:16:10",9.03
516,"2026-01-26 14:16:22",9.19
517,"2026-01-26 14:16:33",9.75
518,"2026-01-26 14:16:59",9.27
519,"2026-01-26 14:17:10",9.19
520,"2026-01-26 14:17:22",15.31
521,"2026-01-26 14:17:34",16.44
522,"2026-01-26 14:17:46",16.44
523,"2026-01-26 14:17:57",16.76
524,"2026-01-26 14:18:21",16.6
525,"2026-01-26 14:18:32",16.36
526,"2026-01-26 14:18:44",16.92
527,"2026-01-26 14:18:56",16.04
528,"2026-01-26 14:19:08",13.7
529,"2026-01-26 14:19:19",11.6
530,"2026-01-26 14:19:31",12.09
531,"2026-01-26 14:19:43",12.01
532,"2026-01-26 14:19:54",11.52
533,"2026-01-26 14:20:06",11.12
534,"2026-01-26 14:20:18",11.2
535,"2026-01-26 14:20:30",10.56
536,"2026-01-26 14:20:41",11.12
537,"2026-01-26 14:20:53",10.8
538,"2026-01-26 14:21:05",11.2
539,"2026-01-26 14:21:16",10.8
540,"2026-01-26 14:21:29",10.56
541,"2026-01-26 14:21:40",11.04
542,"2026-01-26 14:21:52",10.56
543,"2026-01-26 14:22:04",10.4
544,"2026-01-26 14:22:15",10.8
545,"2026-01-26 14:22:28",10.4
546,"2026-01-26 14:22:40",10.23
547,"2026-01-26 14:22:52",10.23
548,"2026-01-26 14:23:04",10.4
549,"2026-01-26 14:23:16",10.15
550,"2026-01-26 14:23:30",10.15
551,"2026-01-26 14:23:41",10.32
552,"2026-01-26 14:23:53",10.32
553,"2026-01-26 14:24:05",10.32
554,"2026-01-26 14:24:17",10.32
555,"2026-01-26 14:24:29",10.15
556,"2026-01-26 14:24:41",10.48
557,"2026-01-26 14:24:53",10.56
558,"2026-01-26 14:25:06",10.4
559,"2026-01-26 14:26:10",10.15
560,"2026-01-26 14:26:22",9.99
561,"2026-01-26 14:26:33",9.83
562,"2026-01-26 14:26:45",10.32
563,"2026-01-26 14:26:57",9.75
564,"2026-01-26 14:27:09",10.07
565,"2026-01-26 14:27:22",9.75
566,"2026-01-26 14:27:33",9.99
567,"2026-01-26 14:27:45",9.99
568,"2026-01-26 14:27:56",10.32
569,"2026-01-26 14:28:08",9.91
570,"2026-01-26 14:28:21",9.43
571,"2026-01-26 14:28:32",9.83
572,"2026-01-26 14:28:44",9.75
573,"2026-01-26 14:28:56",9.91
574,"2026-01-26 14:29:07",9.51
575,"2026-01-26 14:29:19",9.83
576,"2026-01-26 14:29:31",9.75
577,"2026-01-26 14:29:43",9.75
578,"2026-01-26 14:29:55",9.51
579,"2026-01-26 14:30:08",9.59
580,"2026-01-26 14:30:20",9.67
581,"2026-01-26 14:30:31",9.83
582,"2026-01-26 14:30:43",10.07
583,"2026-01-26 14:30:55",9.91
584,"2026-01-26 14:31:07",9.91
585,"2026-01-26 14:31:19",10.23
586,"2026-01-26 14:31:30",9.83
587,"2026-01-26 14:31:42",9.75
588,"2026-01-26 14:31:54",9.91
589,"2026-01-26 14:32:05",10.23
590,"2026-01-26 14:32:17",10.32
591,"2026-01-26 14:32:29",10.23
592,"2026-01-26 14:32:40",10.32
593,"2026-01-26 14:32:52",10.32
594,"2026-01-26 14:33:04",9.91
595,"2026-01-26 14:33:16",9.91
596,"2026-01-26 14:33:27",10.32
597,"2026-01-26 14:33:39",0.0
598,"2026-01-26 14:33:51",0.0
599,"2026-01-26 14:34:03",0.0
600,"2026-01-26 14:34:14",0.0
601,"2026-01-26 14:34:26",260.13
602,"2026-01-26 14:34:38",0.0
603,"2026-01-26 14:34:50",0.0
604,"2026-01-26 14:35:01",0.0
605,"2026-01-26 14:35:13",0.0
606,"2026-01-26 14:35:25",6.21
607,"2026-01-26 14:35:37",0.0
608,"2026-01-26 14:35:49",128.78
609,"2026-01-26 14:36:04",11.28
610,"2026-01-26 14:36:15",0.0
611,"2026-01-26 14:36:26",0.0
612,"2026-01-26 14:36:38",0.0
613,"2026-01-26 14:36:50",288.74
614,"2026-01-26 14:37:02",330.0
615,"2026-01-26 14:37:13",330.0
616,"2026-01-26 14:37:25",314.04
617,"2026-01-26 14:37:37",330.0
618,"2026-01-26 14:37:49",330.0
619,"2026-01-26 14:38:00",330.0
620,"2026-01-26 14:38:24",275.68
621,"2026-01-26 14:38:36",292.69
622,"2026-01-26 14:38:47",330.0
623,"2026-01-26 14:38:59",10.64
624,"2026-01-26 14:39:11",10.8
625,"2026-01-26 14:39:22",10.72
626,"2026-01-26 14:39:34",10.32
627,"2026-01-26 14:39:46",10.88
628,"2026-01-26 14:39:57",11.12
629,"2026-01-26 14:40:09",10.72
630,"2026-01-26 14:40:20",10.56
631,"2026-01-26 14:40:32",10.88
632,"2026-01-26 14:40:44",10.96
633,"2026-01-26 14:40:55",10.8
634,"2026-01-26 14:41:07",10.72
635,"2026-01-26 14:41:18",10.8
636,"2026-01-26 14:41:30",10.8
637,"2026-01-26 14:41:42",10.96
638,"2026-01-26 14:41:53",10.72
639,"2026-01-26 14:42:05",10.72
640,"2026-01-26 14:42:17",10.64
641,"2026-01-26 14:42:29",10.56
642,"2026-01-26 14:42:40",10.32
643,"2026-01-26 14:42:52",10.4
644,"2026-01-26 14:43:04",10.48
645,"2026-01-26 14:43:15",10.4
646,"2026-01-26 14:43:27",10.48
647,"2026-01-26 14:43:38",10.56
648,"2026-01-26 14:43:50",10.23
649,"2026-01-26 14:44:02",10.48
650,"2026-01-26 14:44:13",10.64
651,"2026-01-26 14:44:25",10.32
652,"2026-01-26 14:44:36",10.32
653,"2026-01-26 14:44:48",10.56
654,"2026-01-26 14:45:00",10.56
655,"2026-01-26 14:45:11",10.64
656,"2026-01-26 14:45:23",10.64
657,"2026-01-26 14:45:35",10.4
658,"2026-01-26 14:45:46",10.32
659,"2026-01-26 14:45:58",10.48
660,"2026-01-26 14:46:10",10.64
661,"2026-01-26 14:46:33",16.36
662,"2026-01-26 14:46:44",16.0
663,"2026-01-26 14:46:54",18.07
664,"2026-01-26 14:47:06",17.46
665,"2026-01-26 14:47:17",17.09
666,"2026-01-26 14:47:29",17.22
667,"2026-01-26 14:47:41",16.0
668,"2026-01-26 14:47:55",16.24
669,"2026-01-26 14:48:06",16.48
670,"2026-01-26 14:48:18",16.73
671,"2026-01-26 14:48:31",16.12
672,"2026-01-26 14:48:40",18.32
673,"2026-01-26 14:48:51",22.83
674,"2026-01-26 14:49:01",24.66
675,"2026-01-26 14:49:11",23.81
676,"2026-01-26 14:49:22",24.18
677,"2026-01-26 14:49:32",23.44
678,"2026-01-26 14:49:42",23.44
679,"2026-01-26 14:49:53",23.57
680,"2026-01-26 14:50:04",23.44
681,"2026-01-26 14:50:14",25.76
682,"2026-01-26 14:50:24",25.89
683,"2026-01-26 14:50:39",22.22
684,"2026-01-26 14:50:49",26.01
685,"2026-01-26 14:50:59",26.37
686,"2026-01-26 14:51:09",26.74
687,"2026-01-26 14:51:19",22.22
688,"2026-01-26 14:51:29",20.76
689,"2026-01-26 14:51:39",19.29
690,"2026-01-26 14:51:50",25.4
691,"2026-01-26 14:52:00",25.4
692,"2026-01-26 14:52:10",25.03
693,"2026-01-26 14:52:20",21.49
694,"2026-01-26 14:52:30",20.15
695,"2026-01-26 14:52:40",18.93
696,"2026-01-26 14:52:50",18.32
697,"2026-01-26 14:53:02",17.7
698,"2026-01-26 14:53:12",18.19
699,"2026-01-26 14:53:23",17.95
700,"2026-01-26 14:53:35",17.58
701,"2026-01-26 14:53:46",17.46
702,"2026-01-26 14:53:58",17.22
703,"2026-01-26 14:54:10",17.22
704,"2026-01-26 14:54:21",16.97
705,"2026-01-26 14:54:33",17.95
706,"2026-01-26 14:54:45",17.58
707,"2026-01-26 14:54:55",22.47
708,"2026-01-26 14:55:05",21.73
709,"2026-01-26 14:55:15",19.41
710,"2026-01-26 14:55:25",18.44
711,"2026-01-26 14:55:37",17.58
712,"2026-01-26 14:55:48",17.58
713,"2026-01-26 14:56:00",17.58
714,"2026-01-26 14:56:23",17.58
715,"2026-01-26 14:56:35",17.34
716,"2026-01-26 14:56:56",17.46
717,"2026-01-26 14:57:08",16.73
718,"2026-01-26 14:57:19",17.09
719,"2026-01-26 15:06:09",15.02
720,"2026-01-26 15:06:19",22.34
721,"2026-01-26 15:06:29",24.3
722,"2026-01-26 15:06:40",25.27
723,"2026-01-26 15:06:50",21.49
724,"2026-01-26 15:07:01",24.66
725,"2026-01-26 15:07:11",24.18
726,"2026-01-26 15:07:23",25.52
727,"2026-01-26 15:07:34",25.4
728,"2026-01-26 15:07:44",21.73
729,"2026-01-26 15:09:08",15.38
730,"2026-01-26 15:09:20",15.75
731,"2026-01-26 15:09:32",15.26
732,"2026-01-26 15:09:43",15.87
733,"2026-01-26 15:09:55",15.38
734,"2026-01-26 15:10:06",15.87
735,"2026-01-26 15:10:18",16.0
736,"2026-01-26 15:10:31",15.63
737,"2026-01-26 15:10:43",15.87
738,"2026-01-26 15:10:55",15.87
739,"2026-01-26 15:11:08",15.63
740,"2026-01-26 15:11:19",23.57
741,"2026-01-26 15:11:33",25.27
742,"2026-01-26 15:11:43",21.25
743,"2026-01-26 15:11:54",19.78
744,"2026-01-26 15:12:04",18.19
745,"2026-01-26 15:12:16",17.58
746,"2026-01-26 15:12:27",17.58
747,"2026-01-26 15:12:39",16.97
748,"2026-01-26 15:12:50",15.75
749,"2026-01-26 15:13:02",15.63
750,"2026-01-26 15:13:13",16.12
751,"2026-01-26 15:13:25",15.51
752,"2026-01-26 15:13:37",15.63
753,"2026-01-26 15:13:48",15.63
754,"2026-01-26 15:14:00",15.75
755,"2026-01-26 15:14:11",15.63
756,"2026-01-26 15:14:23",16.0
757,"2026-01-26 15:14:35",15.63
758,"2026-01-26 15:14:46",15.63
759,"2026-01-26 15:14:58",16.12
760,"2026-01-26 15:15:10",15.51
761,"2026-01-26 15:15:21",15.51
762,"2026-01-26 15:15:33",15.87
763,"2026-01-26 15:15:44",15.02
764,"2026-01-26 15:15:56",15.87
765,"2026-01-26 15:16:08",15.63
766,"2026-01-26 15:16:19",15.63
767,"2026-01-26 15:16:31",15.38
768,"2026-01-26 15:16:42",15.63
769,"2026-01-26 15:16:54",15.63
770,"2026-01-26 15:17:06",15.75
771,"2026-01-26 15:17:17",14.29
772,"2026-01-26 15:17:29",15.51
773,"2026-01-26 15:17:40",14.9
774,"2026-01-26 15:17:52",14.77
775,"2026-01-26 15:18:04",15.63
776,"2026-01-26 15:18:15",14.9
777,"2026-01-26 15:18:27",14.53
778,"2026-01-26 15:18:39",14.77
779,"2026-01-26 15:18:50",15.14
780,"2026-01-26 15:19:02",14.41
781,"2026-01-26 15:19:13",14.9
782,"2026-01-26 15:19:25",14.65
783,"2026-01-26 15:19:37",14.04
784,"2026-01-26 15:19:48",15.26
785,"2026-01-26 15:20:00",15.63
786,"2026-01-26 15:20:12",14.29
787,"2026-01-26 15:20:23",14.9
788,"2026-01-26 15:20:35",14.77
789,"2026-01-26 15:20:47",15.26
790,"2026-01-26 15:20:58",14.41
791,"2026-01-26 15:21:10",15.63
792,"2026-01-26 15:21:21",15.51
793,"2026-01-26 15:21:33",14.41
794,"2026-01-26 15:21:44",14.65
795,"2026-01-26 15:21:56",15.02
796,"2026-01-26 15:22:08",14.41
797,"2026-01-26 15:22:19",15.26
798,"2026-01-26 15:22:31",15.26
799,"2026-01-28 07:23:08",9.28
800,"2026-01-28 07:23:19",9.4
801,"2026-01-28 07:23:31",10.01
802,"2026-01-28 07:23:43",9.89
803,"2026-01-28 07:23:54",9.77
804,"2026-01-28 07:24:06",10.13
805,"2026-01-28 07:24:17",9.89
